"I'll be here, sitting in stunned disbelief as I read that consumer retail spending is down 21% on an anticipated drop of 8% while watching SPY burst through $300 into the fucking sun. Then I will try and rationalize buying more puts while beating my head on the fucking ground.",204,fnf2iqs
"As grumpy bear, I decided to go with the flow and buy calls of the least appealing stock I could think of. As a protest. It became Gamestop. I'm up 140% on my calls in two days and it compensated the losses of my puts. 

I feel extra stupid now.",177,fnf2zal
"I just discovered my friend started ""day trading"". This involved cashing out part of his roth IRA to use $20,000 and buy a gazillion blackberry shares. When the stock went up 30cents today he made $600.

&#x200B;

I'm totally making fun of him for not being smart and trading options like me. He only wishes he could lose $18k on puts.",234,fnez9b6
"Jesus rollerblading CHRIST mods can you wipe the Cheetos off your face, put on some pants, and fucking STICKY the daily threads?

Yes I will gladly eat dongus",112,fnf1j71
"Sub is starting to feel like it did right before the market crashed, getting gayja vu",99,fnf2n33
"Holy shit, sorting by new posts on this sub is a bad idea. I lost 20 iq points faster than I lost money on my spy puts.",73,fnf0w8s
All it took was one pandemic to finally make amazon break the 2000 barrier that lasted like 3 years,70,fnf0yww
What if trump came out to the presser with a Dow 30k hat lol,67,fnf4vcu
Day 20 of the super great depression. Stock still go up.,67,fnf5lvm
"Market crashes 30% over a pandemic.  Market recovers 30% over the hope of easing the lock down 

100% make sense",125,fnf0n7t
"Tomorow I'm going to stare at my puts while the market goes up, while convincing myself that for once I just need to stay the course and the market will drop if I stare at it enough.

Position: short about everything I can... Except Tesla and amazon.
https://imgur.com/gallery/VIObggy",67,fnez0h6
"Softbank is the ultimate autist. $24B in losses betting on shit startups ðŸ¤£

https://techcrunch.com/2020/04/13/softbank-expects-24-billion-in-losses-from-vision-fund-wework-and-oneweb-investments/",61,fnf2011
GameStop is inversing my will to live,50,fnf1j2w
"The market is proof that we are living in the matrix.

By the law of averages, when I place completely uneducated calls and puts randomly, with absolutely no research, it should basically be a coin toss. Over time, the % of options that are green should begin to diverge to something close to 50%.

And yet, 95% of my plays are red, always.

explain that shit you stupid science bitches",44,fnf4ds4
"It feels like January again. 

Tesla mooning to 900 soon. 

Spce about to rocket back to 40. 

Amd nearing ATH. 

FANG are driving the market higher. 

Jpow has done it. He has created a time machine.",48,fnfjvwk
"You just [fucking escaped dude](https://i.imgur.com/iInEpuG.png). That was a close one.

I was going to ask you if you were going to do the honors of jerking off the rooster yourself.",92,fnez8dc
Probably cashing out my 401k so I can pay off my credit card debt and refinance my house. Avoiding that 10% penalty is such a crazy deal.,41,fnez8gd
"Ready for red futures that go green at 9:25am, as per tradition",40,fnf23jl
"FAUCI: â€˜weâ€™re not there yetâ€™ on reopening and May 1 is â€˜overly optimisticâ€™

[picture of Fauci today ](https://imgur.com/a/Ajp5So4)",43,fnf2e9e
"I remember in early February when I watched Tesla run up 500 dollars in a week and I said Iâ€™ll never miss this opportunity again.  Here I am 6 weeks later watching it run up again, and Iâ€™m sitting cash gang with my thumb up my ass. Forever poor ðŸ˜‹",38,fnfg9ar
Remember kids: Trader is just retard misspelled.,75,fnfiamt
TSLA $1000 by Friday,34,fneyuxi
"I'm starting a garden. 
  
Gonna grow some weed, tomatoes, lettuce, and some peppers.
  
I don't give a fuck about this market anymore.",95,fnf2c6p
Spy 290 tomorrow 300 friday,30,fneyyp0
"I bought calls today but told everyone that I bought puts. Canâ€™t catch what you canâ€™t see, JPOW",30,fnf1wss
"Michael Burry thinks parents take their kids to GME to trade in their Steam games and buy used copies of Fortnite, but god damn if it isnâ€™t up another 7% AH today. 

Might even buy some more calls tomorrow, who knows? Theyâ€™re gonna try to take it above $7 Iâ€™m sure.",32,fnf22hq
Lmao heâ€™s gonna list every company in the SP500,33,fnfarar
"Great. Just delivered my mom to ER with COVID symptoms. She and my* brother live with me, my wife and 7mo son in a very small, virus-sized house. Puts on my family.",35,fnfh5kl
"hey guys i made a chart to help you understand how futures predict tomorrow's market:

https://i.imgur.com/NnoW4Uz.png",35,fnfvlfh
If we actually free fall back down and touch lows I will film myself sucking a dildo with â€œu/variation-separateâ€ written on it in sharpie,27,fnfxnhh
"Treasury, Airlines Reach Agreement on Aid https://www.wsj.com/articles/treasury-airlines-reach-agreement-on-aid-11586898079

If it looks like a bailout, and sounds like a bailout -- let's call it ""payroll aid""",28,fnf1ivq
">$TSLA
 My price target has changed, now standing at $887,976,866,252,121 price target. They will be the sole company on earth remaining and will supply the entire earth with goods and products. This is just my forecast based on fundementals

Sometimes stocktwits has some gems",24,fnfgc38
"Listen boys. 

TSLA just got upgraded to 864 by Goldman Sachs. 
https://i.imgur.com/R6ySWbv.jpg

A lot of TSLA shorts will have to cover. https://i.imgur.com/LXeM4an.jpg

Either buy TSLA calls immediately or wait for a dip in the morning. Itâ€™s going to rip. 

Look at TSLA, AMZN and SPY. While SPY wanted to tank or go flat, TSLA and AMZN flew. 

TSLA calls tomorrow. Get in. Get out. Quick. Easy money.",28,fnflv4q
"The problem with /r/wsb is that gambling on OTM FDs is so much fun, I don't want to do anything else anymore. Playing vidya, working, watching my wife's boyfriend pork her. All I do is stare at numbers on a screen and watch them move and that's all I want to do.",25,fnfrzjk
Waste my day watching the markets and losing hairs,25,fnezbv0
"I'm all in on meme stocks. I can't wait to get caught with my pants down, fully levered up when the other shoe drops on this ridiculous market.",25,fnf37rw
Never thought i'd spend an entire day listening to a texas railroad commission conference but here I am. Thanks USO,51,fnf1tnj
"*Breaking: Drill Team 6 deemed non essential, furloughed*",24,fnf5bfi
"One time I wrote a tweet where I referred to myself as ""socially retarded"". I was attacked by an angry mob of people on twitter telling me I wasn't allowed to use the word ""retarded"" in reference to myself because it offended them.

But now I have WSB. WSB is the place for autist retard like me. Social distancing like a pro.",23,fnflwa1
"Found another easter egg that proves we're living in a simulation

In the [Sleep Now in the Fire](https://youtu.be/kl4wkIPiTcY?t=65) music video (which starts by saying Wall Street had record profits and layoffs), there's a guy with a Trump for President sign",23,fnf04lh
Whoa spike in deaths today ~6000. SPY to 300 tomorrow?,23,fnf3wys
"Economy: Closed

Virus: Fatal

Spending: Down

Earnings: Down

Stonks: Up

Portfolio: Annihilated",81,fnf1m9c
Mooning is the most overused word in this subreddit,44,fnf2zdr
"If TSLA spikes again, TSLA puts.",20,fnezksg
"My move tomorrow is to get into a time machine to go back pre corona and make bank

Shit ill settle to go back 1 week",21,fnf24hv
Trump walks out wearing a Sith cloak and reiterates his total authority,21,fnf4wyb
WSB is back to TSLA and SPCE plays. Corona cancelled,20,fnfhhsy
Campbell's soup is my best play so far. Fuck me,18,fnf1qol
Havenâ€™t been particularly bullish or bearish the past couple weeks. Havenâ€™t held an option more than a day profiting off both green and red days. However I bought a lot of puts on spy at the high today. This is the first time Iâ€™m really feeling bearish. Another stimulus announced last Thursday market barely moves. Today JPM announced complete shit earnings and  SPY jumps 3%. I feel like all the â€œgood newsâ€ about the virus slowing down and fed intervention is about to lose its touch.,18,fnf1r39
"Fucking love the straight pump by Donnie!! This is incredible. Lmao ðŸ¤£ 

But if we were to try and to the same, SEC who bend us over...",18,fnfbcft
FUCK THIS SHIT. CASH GANG. i have to work for months to make up what i've lost.,18,fnferlu
"My moves include:

- being wrong whether I'm bearish or bullish
- hating myself
- being reminded that this my only quarantine entertainment
- repeat from the top

Someone please help. Or at least give me some positions that don't involve me bent over",19,fnfqzmr
"Only thing that will cause this market to drop is the Fed.

In a normal recession, there is a flight to safety. People sell equities and buy bonds/treasuries, as bankruptcies means equity holders are wiped.

Currently, itâ€™s pointless to buy treasuries and bonds, negative real returns due to QE/inflation. There is no â€œsafetyâ€ either; the Fed has removed the risk of bankruptcy promising â€œunlimited asset purchasesâ€. There is now literally nothing to buy other than stocks and (maybe) gold. 

Either the entire system collapses, and the dollar, bonds, and stocks are all fucked. The entire house of cards comes down and no one trusts fiat money anymore. Or, we survive, and stockholders enjoyed much higher returns with the same level of risk as bondholders.",55,fnf2bi0
You gotta *feel* the market,18,fnf2e79
Imagine being a reporter and have to wait this long to be disrespected by Mango in the briefing,17,fnf5wei
Over under on trump cutting a ribbon with giant golden scissors when the economy reopens?,17,fnf6a2y
"Futures mean nothing as a bear

Seeing limit down to fucking green at open has made me so numb to losing thousands a day.",17,fnf6j9e
This thread is moving so fast no one will know im gay,75,fneytjt
Trump listing company names like the end credits of a movie,16,fnfaxq4
did he really just pump every company in the sp500? absolute legend,15,fnfb7h0
Did he just read his investment portfolio?,15,fnfbhof
Puts on me guys. I think I got the Rona,16,fnfdmy8
Anyone else capitulated and bought calls but not really (because you still believe we're going down) so you keep buying puts too?,16,fnfgzfu
That stimulus check just hit bois. Instant $1k deposit into RH ðŸ˜¹,16,fnfhdt2
You can buy a whole fucking barrel of black oil for cheaper than going  to the movies.,17,fnfir6c
This could be unpopular but Im not ready for Tesla puts until it hit 900,16,fnfs4d8
Switched from puts to calls today. Red tomorrow confirmed.,16,fnfx7go
Some of you retards would have better luck with turnips in Animal Crossing,15,fnf3q6y
"Trump walks out, flanked by Generals.

â€œThe Congress is no more. My authority is total.â€

SPY 500",15,fnf53y3
yo wtf is this a graduation ceremony?,14,fnfar0c
dude is just gonna read every company name in the market. ultimate pump.,14,fnfawp4
"The market is like a girl. Iâ€™m obsessed with her, give her all my attention, try to do everything to make her happy. But she doesnâ€™t care about me, she actually doesnâ€™t like me at all & she wonâ€™t miss me when Iâ€™m gone.",15,fnflm3y
"I lost another 12k the past 5 days, but I'm painting my ""home office"" with Fleetwood Mac on BLAST trying not to die on the inside",15,fnfre71
"If itâ€™s just as green tomorrow, I might jump out the window",13,fnf0zd0
"I should've taken my profits and just bought stocks like a Boomer


Instead I've lost all of it",15,fnf1nib
Just listened to In the End by Linkin Park and it basically summarized my entire trading career,14,fnf33ok
Replaced Fauci with the Presidential Bootlicking Task Force,15,fnf98co
HES READING OFF EVERY LISTED COMPANY IN THE STOCK MARKET. THE BIGGEST PUMPENING OF OUR TIME.,14,fnfakmh
He just listed every stock ticker on the US exchange.,14,fnfapov
"Trump: ""Today I want to talk to you about something really, really important. Really big part of the American economy. Probably the biggest, perhaps, maybe not but probably is the biggest. This is called the SPY500. You may have heard of it. Anyways, I had a friend tell me he had no idea we had 500 companies in America! He couldn't believe it! But it's true, and there's many more. Here's some of them:""

\*pulls out list of all S&P500 companies*

Trump: ""3M Company, Abbott Lab...""",14,fnfbax5
Lol Trump threatening to turn this car around,13,fnfd45j
"I can't wait til this rug is pulled.........20 years later, the rug is gonna get pulled any day now",15,fnfgor3
If TSLA opens up under $600 I'll eat my dog's poop.,14,fnfiidh
"The Fed is currently in violation of the Federal Reserve Act. According to the constitution, this gives us the right to sue the Fed in punitive damages. I am wondering if people on here are interested in filing a class action lawsuit.",13,fnfrd0s
"Where were u wen margin called

â€œYou owe 50kâ€


â€œnoâ€",13,fnfrzts
"Iâ€™m honestly convinced the market makers are pumping Tesla up to pull the carpet when they report earnings. Why would Goldman boost their rating now and not after earnings? Or after last earnings? I follow the company very closely. Their revenues will be the lowest in a year and they will probably have negative 500+ million dollar cash flow. 

The move is to buy puts that expire a week out and are $200-250 otm. Hold for a day after earnings and then sell. Iâ€™m telling you. Made 80K on the way up, sold at 900. The company is actually in worse position now than when it dropped last go around. Long term bullish but right now this is the short term play to make. 

Although you may be able to pump another 50 out of it before earnings. 800 seems likely",15,fnft3xr
"Showed my crush how I made 500% on my calls and she said, ""You are amazing"" feels good man",14,fnfycwu
"Sold my 220p 5/15 for a $27,000 loss. DCAâ€™ing from 250... 

The market will now plunge huge. Youâ€™re welcome bears.",14,fnfygwf
"*""Fed to buy Luckin Coffee, will use world's supply of excess oil to airlift all 4,507 Luckin Coffee stores from China to the United States.""*

*""It'll be beautiful. Everyone will have coffee."" - Donald Trump*",14,fnfzc6w
We might get a limit up futures tonight because that would put SPY at 300,31,fnf0vy9
"""it would've been so easy to be truthful.""

-Donald Trump

lmao, shit like this is too perfect. No way we aren't in some warped comedy simulation.",28,fnf82a1
"Futures only really matter if it limits down and even then, we had that one crazy day where limit down lead to a huge pump",13,fnf5o3e
"I'm gonna hold June and July puts on EWU, EWJ and SPY.

They're all down like 60%+.

I will never sell them though. Just gonna ride it out until June and I guess they're my hedge.",13,fnf5osk
Went from 100K down to 1K. I have spun completely and it feels like thereâ€™s no crawling out of this hole.,13,fnfe91t
Honestly. You could have retired by now just buying meme stocks. Not even the options. Instead I make like 3%/year in my shitty retirement fund.,13,fnffgyx
"bought 10 vxx calls, 3 spy puts, 3 gme puts, and 1 tsla put

im using my bad dragon dildo tonight to get my asshole ready",12,fnfgixd
"After dumping my puts at the end of February and buying back into 2022 calls in the last half of March, I decided to start hopping back in on puts EOD today. I have $10k on 5/15 270p, hoping for a limit down.",13,fnfkgov
My Tesla 775c will be in the money by premarket,14,fnfo7xn
"WOOOOOOOW LOL CNBC SUCKS AT THIS


""Stock futures slip as investors digest signs coronavirus pandemic is easing""",13,fnfpqis
"I donâ€™t believe in futures until 9:28am EST.

Too many times that shit has been 1-2% down and I woke up to see green right before open.",12,fnfrc1j
"IMF : Worst recession than 1930s

SPY: Sounds amazing. Will go up bigly",13,fnfrsf2
I think itâ€™s really irresponsible for E*TRADE to give me $200k in margin.  If anyone is retarded itâ€™s them.,14,fnfs14x
Just deposited my 1200 trump bucks into RH. Give me plays for tomorrow. LETS FUCK!!,13,fnfw4wk
Stop posting flair. Mods are too lazy to flair now. Even in weekend threads.,11,fneyvym
Smart money was selling and going short into this rally. Soon to be bagholders were buying and going long. Letâ€™s see how the rest of April plays out,12,fnezzsk
Where are my Trumpbucks,12,fnf1678
Might become Amish,12,fnf1swk
TSLA being up 10% is like a flat day,11,fnf3i8s
Tomorrow is the last day for me.  So many banks and regional financial institutions reporting.  If we are green tomorrow then I'm just going to fuck myself with picture frame of J Powell's face,12,fnf40sm
double down on spy puts then cry,12,fnf41x0
"ATTN Bears: want to profit in this market? 

You have to be a sneaky bear and buy **calls** on SQQQ and SPXU.

That way the market doesnt see you coming and jpow doesnt know to pound ur dainty little grunthole",12,fnf7807
You know I'm beginning to think he's not a big fan of the WHO.,12,fnf7sno
"â€œgreat financial mindsâ€

Donnie just called us smart :)",12,fnf9vei
Stock Market RECORD! EVERYBODY IS BUYING STOCK! SMART FINANCIAL MINDS,12,fnf9y83
"Organize list of companies pumped. 

Cross reference with a list of S&P 500 companies sorted by market cap. 

Take the top 10 market cap that he didnâ€™t mention (excluding tech) and buy puts. 

Profit.",11,fnfbc2x
"â€œIf youâ€™re not buying puts on Tesla, youâ€™re retardedâ€

I guess Iâ€™m retarded",13,fnfbwau
China going to shutdown Wuhan again just to fuck with Trump.,12,fnfcibl
Trump is the final form of the boomer,12,fnfeeq3
"They should make a movie where a terrorist like Le Chiffre from Casino Royale 
releases a virus to tank markets after loading up on puts. The villan then gets
wiped out of his puts because of unlimited QE. 

GUH",12,fnfeq0d
"TSLA out here tryna make GMEâ€™s AH moves look reasonable lmao. 

Fucking $800 penny stock, weâ€™re gonna be telling our kids about this one day.",12,fnffzti
Any bears alive to hold hands ?,12,fnfgt3s
"adjectives for stonks going up ... 

\- ripping

\- tearing

\- mooning

\- hauling

\- trucking 

...what else you guys got?",13,fnfiu4z
Shall we break 290 tomorrow?,11,fnfjz7v
"Am I the only one here whoâ€™s emotions are controlled by the markets? When we were hitting circuit breakers I was going nuts, telling all my friends and family that world was going to collapse. Now that stocks only go up again it feels like this virus isnâ€™t even a thing.... I mean I never went outside anyways, I donâ€™t like people and their yuckies....",12,fnfl2dp
Now that tattoo shops are closed up they should helpout by donating their green ink to the Fed for their printing press,11,fnfml5q
Show me on the doll where TSLA touched you.,12,fnfw7vg
"Ima do a test tmrw

gonna buy GME weekly calls at open and if they print, then Iâ€™ll liquidate the rest of my portfolio, pack my shit, and move to Tahiti. Iâ€™m just done with this shit",12,fnfzem7
"Bear with long positions for the past week or so here.  I'm loving the money I've made lately, but serious talk ... when are we going to really talk about how the S&P is completely fucking disconnected from reality?  This is terrifying, and should be.  Fundamentals have been out for awhile, but this is bat shit crazy.  The only thing propelling this is optimism and perception with a healthy dose of Fed unlimited cash infusion, but there's real damage.  There's real loss of productivity, real loss of jobs, real consumption lost.  The market does not reflect this.  We are like 15% off the ATH for the S&P 500.  I'm long, but fuck it's a long way down and why is this happening?",25,fnfhal9
Any time you gain a profit donâ€™t stress over what could have been more. Be thankful brahs,23,fnfouwe
"hey guys i made a chart to help you understand how futures predict tomorrow's market:

https://i.imgur.com/NnoW4Uz.png",27,fnftqlp
">The Treasury Department ordered the IRS to add President Trumpâ€™s name to the paper stimulus checks, which is likely to cause a delay in their delivery.

Of course we gotta include King Trump's name there.",23,fnfz013
"Today is finally the day Trump walks up to the stand and >!starts shouting off the names of ETF's for people to buy.  SPY!  Tremendous ticker, and believe me folks, I know my tickers.  We can't forget vanguard though, we can't forget, no.  VTI! VOO! !<",22,fnf36fu
[you can't make this stuff up](https://imgur.com/UwSj6lc),22,fnf4588
It fucking amazes me how many calls and puts pass through our hands without anyone buying or selling 100 shares,23,fnfml3z
CNBC is starting to get  concern of how much the fed is actually doing,10,fnf230v
If we could get 2 circuit breakers tomorrow I promise I would exit all my puts and never load up again,13,fnf2qgp
can't wait to watch my 5/1 270p lose even more value tomorrow! ðŸ˜Š,10,fnf3fp4
"Is Donnie going to rise out of the ground on a lift from the bunker?

SPY 350",11,fnf3nzd
"Calls have been good to me, but like, is there really no drop point...?",11,fnf3r1x
"If you didnâ€™t believe a V-shaped recovery was possible before but you do now, youâ€™re as smart as Jim Cramer. The inverse-king. 


https://pbs.twimg.com/media/EVjrqxOWoAInVfw?format=jpg&name=large",11,fnf5jjs
"Moves for tomorrow, lose money. Letâ€™s go",12,fnf63xo
"i am writing an EBITDA explainer which i will post at market open tomorrow. what company do you want me to look at? i'm thinking a pure meme stock. $TSLA, $SPCE, etc. let me know in the comments.

fuzzy",12,fnf7cge
Trump reading like a Hooked on Phonics class,10,fnf7ozm
"Futures traders collectively looking back and forth at each other and muttering ""how the fuck am I supposed to trade off of this shit""",11,fnf83mb
This guy looks like he works 24 minutes a week instead of 24 hours a day,11,fnf8mkm
" 

# Members of the Ventilator Task Force Hold a Press Briefing",10,fnf953v
â€œTheyâ€™re looking at the stock and theyâ€™re saying wowâ€,10,fnf9tc4
Trump is really trying to trick the algos to buy individual stocks,11,fnfarkf
#CHUCK SCHWAB,11,fnfarv5
ADVANCED MICRO DEVICES,12,fnfb34r
This is like watching a graduation.,11,fnfbad5
"Canâ€™t wait to be back here this time next month with SPY sitting at $400 and 100,000 people dead.",11,fnfbgj8
He didn't even mention my 25 employee CPA firm what the fuck,11,fnfbod2
"WHEN ME PRESIDENT, THEY SEE, THEY SEE",11,fnfck9f
"lol futures arent fooling anyone, this shit gonna start mooning at 3am and gonna be +2% by 8:30am",11,fnfdyvb
Who cares ? Lmfao,11,fnfe8jc
before me. the food was depleted. I came in and the farmers said the food is depleted. So we restocked and now its the best food in the world. Before us not so. Now so.,10,fnfegnk
Has trump ever done something not strongly?,12,fnff1pk
"What's crazy is that the ""brrrr"" meme is actually the best way to understand this market.",12,fnffl5r
The trick is to keep waiting until futures support your position then you can close it and sleep tight,11,fnffnc7
"Trump is high af..... Theme parks, movie theaters, bars, clubs, restaurants, malls definitely wonâ€™t be open any time soon.",11,fnfiv99
TSLA & SPCE! someone please make a â€˜Return of the Memesâ€™ meme.,12,fnfj8tl
Serious question: I've lost a lot of money. Should I stop?,10,fnfkckk
"Iâ€™m not upset, just bewildered. How do we keep marching higher. My puts are fugazzi. I feel like an actual retard.",11,fnfkurc
I like to keep my buying power below $100 religiously,12,fnfmw9p
All these dumb bulls on here mocking bears who thought the market would keep going lower at 2200 are now convinced the markets going to 3400.,11,fnfs0zh
My account just had a U shaped recovery thanks to the calls I bought to cover my worthless 4/17 puts,11,fnfsodq
"I sold 80% of my calls for ~500% profit, got 7.7k to YOLO. What's the next move bois?",11,fnfu7w5
"personally i felt that JPM's ER was the most important one for the week and it has shown that the market does not give a fuck. 

with more and more retail retards joining the callwagon, i think volatility is going to drop as they will be clueless to when they should buy or sell. the downside will come, but it is going to be like my grandpa's leaky dick.

going to be a rough 18 months ahead.

anyway tldr capitulated ðŸŒˆðŸ»",11,fnfurl9
"I want to think that futures will be green come morning, but as a recovering ðŸŒˆðŸ» Iâ€™m nervous that since Iâ€™ve switched sides it will be blood red",11,fnfwfuu
Cramer switches sides faster than WSB lmao,11,fnfxft3
"Let's say I lose 50k of margin and just delete the app. What will happen? What kind of legal action can be taken against me?

Edit - Shit Shit Shit, forgot to write, asking for a friend, shit",12,fnfxxpy
"Guys... my sister just told me the American Civil War was between Italy and the US. 

She's 23 yrs old, graduated with a college degree, and works at a top tech company as an engineer.

I am still awestruck",11,fnfyt7e
Am I a gambling addict if I lost my whole initial investment and I want to put more in and spin the wheel?,11,fnfzdpa
Diamond hands till the end of the week. Tendies or death by Friday.,10,fnf16uu
Lol remember when our founder got thrown out of work for corruption in the Mexican government then tried to turn the sub into a Ponzi scheme for some fake trading group like some retard,8,fnf1omx
"I present A Tale As Old As Time

â€œMeme stock went up a lot shorting it is a sure thingâ€

â€œOh no Iâ€™m brokeâ€

FIN",11,fnf1rym
I have no idea what im doing,10,fnf3v9n
I love it when futures open at -0.15% and we see a +3% the next day. Anything below (higher) than -2.5% means a green day.,9,fnf5t3r
Trump in the press conference room reenacting the confused Travolta meme.,10,fnf5uw2
As always he sounds xanned af throwing out a solid 3 words per minute,11,fnf83k7
Fauci furloughed for the briefing?,10,fnf98bd
"Test.

Carole Baskins likes big sticky pussy.

Edit- I win.",10,fnf9lkv
STONK MARKET,9,fnf9xwq
Trump just offered up half of America to the COVID gods as a sacrifice to the market. Unreal,9,fnfactf
we nearly had a 9/11 level of deaths today but fuck it the economy is BOOMING,9,fnfadi5
OMG HES JUST Reading TICKERS,9,fnfais0
OPEC+ only $6.99 a month,10,fnfaof9
"2 hrs later: ""...Bioware, Activision...their new warzone is pretty good, very exciting...Rockstar, Obsidian...lots of great game companies out there""",9,fnfb67t
"Itâ€™s very simple.  

**YES**, the stock market should go down.  **YES**, my tsla and spce calls printed.

That is all.",10,fnfcjr2
#Translation: Keep talking and Iâ€™ll fuck you up,10,fnfd2mq
Curious how china will open with the oil issue with Iran now. Wadda mess this world has been. I miss Kobe,11,fnfdwyc
â€œWho cares?â€ King Trump,11,fnfea29
everything in my portfolio mooning but that doesnâ€™t change the fact that i bought all my calls at the top ðŸ˜­,9,fnfh8hi
HAD 3 4/7 TESLA 670 CALLS I SOLD LAST FRIDAY FOR $500 TO FLIP INTO PUTS. MOTHER FUCK ME IN THE FACE.....,11,fnfhklf
My account is a mess. I sort of just want to sell everything so I can get organized,10,fnfhlep
Just FYI tomorrow is the last Fed repo on the schedule right now. Pre market pump and an afternoon pump,10,fnfjfmd
"Ok, so apparently a lot of you donâ€™t know about thinkorswim cash accounts? 

Thinkorswim cash accounts (most cash accounts except fucking Robinhood) give you unlimited day trades until your buying power reaches 0. For example, if you perform a day trade and make $500 return in a account with $1,000. You canâ€™t use the $500 to day trade until the next day. However, you can still use the other funds   ($1,000) in your account to day trade as much as possible. All the funds you make from day trade will have to be settled until next day to be reused again for day trading. You donâ€™t have to worry about the 3 day trade limit or anything. 

Create a thinkorswim cash account. Margin must be disabled. Enable options. Speak with customer service to make sure you have cash account tier 2. 

If you still need help setting it up, just PM me or google around. 

It helps you with getting more day trades AND prevents you from over trading.",10,fnfnbuv
Trump just tweeted out an article called 'the art of an oil deal' on a day oil fell like 10%,10,fnfnydb
Pretty sure Iâ€™m getting laid off tomorrow due to nepotism lmao. Epic,10,fnfodhe
not gonna lie ABBA is pretty fuckin good,9,fnfq145
"I gay, you're gay but the FED is way gay.

Fedâ€™s High-Yield ETF Buying Defies Explanation

Itâ€™s hard to come up with any fundamental reason for the central bankâ€™s latestÂ intervention.

[https://www.bloomberg.com/opinion/articles/2020-04-14/federal-reserve-s-high-yield-etf-buying-defies-explanation](https://www.bloomberg.com/opinion/articles/2020-04-14/federal-reserve-s-high-yield-etf-buying-defies-explanation)",10,fnfq5bi
Futures down .69%...,9,fnfqlw8
Debating printing out a bunch of positions on paper and seeing which one my puppy sits on and yoloing it. Nothing else seems to be working lately.,10,fnfr47p
Just go to sleep with red futures then wake up in the morning with the grinch dick slapping your puts,11,fnfr6xg
We can be -3% and I know jpow will still rape me Ive never felt so weak,11,fnfr98p
"Ok, so tomorrow is the last day of fed injection. 

Does anyone have insight/ideas as to how the market will react the next couple of weeks? 

Seems to me like everything is being propped up so big money can make some cash and pull out safely. 

Thoughts?

EDIT: I was wrong, I thought the last injection of the month was tomorrow and they started up again in May. 

[schedule here](https://www.newyorkfed.org/markets/domestic-market-operations/monetary-policy-implementation/repo-reverse-repo-agreements/repurchase-agreement-operational-details#monthly-summary) thanks to u/dan_coyle",10,fnfsbkb
how the fuck are we ever gonna go back to a regular market? fuck I love this bullshit,10,fnfwf8e
"Did you know there is a VIX for Oil? Its called OIV. 

Wish I knew that thing jumped from $40 to $200 during the oil war in march.

Forget USO! Puts on OIV is the play",10,fnfzjwn
"Reporter: Hi Trump, so when it comes to social distancing, governors in differe--

Trump: THE MITOCHONDRIA IS THE POWERHOUSE OF THE CELL. FUCK YOU. NEXT!",29,fnfd9h7
"Paraphrasing the end here:

Reporter: ""The death projections you cited are assuming full social distancing and closures until May...""

Trump: ""Uh yeah.""

Reporter: ""But... you said""

Trump: ""No, the reason they don't have, is partially, much of that will stay in effect, but the reason is, there are lots of states, and they have lots of room.""",17,fnfek3n
He gave up on praising himself and has shifted to a scapegoating strategy,9,fnf7jqu
Replace â€œWHOâ€ with â€œmy administrationâ€ and it makes perfect sense,9,fnf7olx
WHO CARES ðŸ¤·ðŸ¼â€â™‚ï¸,8,fnfeb2y
tesla short volume ratio is 31% at the moment ðŸ‘€. squeeze is gonna be wild the next few days before it comes rocketing down.,9,fnfez0q
"the increase in deaths will be blamed on the governor of the state with upticks in deaths, ""i assume no responsibility""",9,fnff0rs
$CLX Clorox is way overvalued even in a pandemic. Nearly $200 a share. Buying long-term puts. It peaked again today near it's previous high.,11,fnff5mp
bears are quiet. thats the time they are dangerous. makes u think.,9,fnfgu3r
"Thank you bountiful TSLA, for the gifts I am about to receive. Although there is no sane time line in which you deserve to double in just a few short weeks with absolutely no change in fundamentals staring down the barrel of Great Depression Part Deux, I am truly blessed to have seen the error of my ways in buying any sort of puts in this beautiful, perfect, tremendous stock market.

That is all.",8,fnfhvkw
SPY 290 tomorrow?,9,fnfiwlp
*yawns* future green in a few hours,10,fnfn8ec
Futures are blood red and Iâ€™m jacked to the tits with 290c 4/20s. Canâ€™t sleep with all this anxiety fuck,9,fnfnjt4
cant wait to fomo into tsla and lose all my money,9,fnfolry
"Airlines get a bailout but, in return, they use some of that funding to start purchasing the oversupply of oil. Win-win situation for them and the feds.",9,fnfoxc0
"Yâ€™all know the saying - Red at bed, fuck you JPOW will make this shit green by opening.",9,fnfpx7p
Dollar General and Tesla both mooning. Name a gayer duo beside me and your dad.,8,fnfqkt9
Deaths at 2.4k today. Need to break 3k/day to get spy over 300,8,fnfr3dw
"Gonna start on the wrong side of the market, change my mind multiple times during the day like a sin wave based on emotion, be wrong at every step, and end up about even.

Worth it.",8,fnfrvbp
If red then buy calls. Easy money,10,fnfsd2g
I feel like this is bear Jesus giving me a second chance to cash out my 409k so I can rebuy back at SPY $190,8,fnfshww
"â€œIn unprecedented move, Treasury orders Trumpâ€™s name printed on stimulus checksâ€

-WaPo

Are you fucking kidding me ðŸ’€ ðŸ˜‚",8,fnft9lk
"If the IMF and JP Morgan told us were going into a 1930's recession, and we still didn't tank, there is nothing that can tank this cock sucker market",8,fnftgpp
What are the odds JPow announces Mega-Unlimited QEâ„¢ on Thursday after unemployment numbers?,9,fnfuifa
This ðŸŒˆðŸ» was getting excited for a dip but too many people think it's gonna happen. Green tomorrow. Fuck.,9,fnfuq5q
"JPMC has a $250 billion market cap and is the best positioned bank, by far, to weather this storm and the market was saved by the rally of tech. 

The 4 major banks reporting in the AM have a combined market cap of $450 billion and that's not including the regional banks who will also be reporting tomorrow. 

No repos by the Fed tonight... Earnings will continue to cause downward pressure on the markets (outside of major tech)... Not a far stretch to say that tomorrow could be a domino effect.",9,fnfwo2m
This thread is the most bullish I've seen it in WEEKS.  I think it's time for things to start hitting phase 2,9,fnfws8w
Iâ€™m going to have 2020 PTSD not because of the crash but because of the recovery ðŸ¥´,9,fnfx2zc
Ok here's a billion dollar idea: A live-action remake of Bee Movie with real bees,9,fnfzpcf
"Fav line of Margin Call ""If you are first out the door, you are not panicking.""",9,fng0rk5
"Why did I ever ask wsb if my tesla calls were a good play. Like 30 people shut me down and said it was a dumb play... gonna do my own thing  

[Tesla ](https://imgur.com/a/ETaEVow)",10,fng148m
"https://youtu.be/f6XLyeX8-Mw

So I was watching CNBC today during my afternoon shit and saw that this guy who owns Junior's Cheesecake said he furloughed his employees AND got millions in loans. I thought the point of getting the small business loans were to ensure they WOULDN'T furlough or lay off employees? ðŸ¤¦ðŸ¤·",18,fnf3ah1
"I bought puts, and I failed. I'll admit it.

I did try and hold them. Market was rigged.

And I moved it to a short position very heavily. In fact, I took out a margin loan. WSB wanted me to get some margin. I said, ""I'll show you where they have some nice interest rates on margin."" I took out moneyâ€”I sold at a loss like a bitch. But I couldn't get there. And the market was rigged. Then all of a sudden I see J Pow, he's now got the big phony QE and everything. He's totally changed the market.

I better use some DD just in case I start buying more puts. You know I'm automatically attracted to beautifulâ€”I just start buying them. It's like a magnet. Just buy. I don't even wait. And when you're an autist, they let you buy it. You can buy anything. Grab 'em by the puts. You can buy anything.",18,fnfgp9n
"Tesla is fucking wild. 

Went from up 12.5k today, 
took a nap & woke up down 1k, 
said fuck it- held 4/17 all inâ€™s, 
took another nap... now prolly up 20-30k

NEVER DOUBT YOUR VIBE ðŸ‘ŒðŸ¼ðŸ¥´",17,fnfk52d
FOMO into MSFT 4/24 185,7,fneyyhr
I love these trump corona pressers. This shit is better than anything else on tv. I'm hooked.,8,fnezel8
White House news conference today at 5:45 P.M. Eastern. Thank you!,9,fnf0ton
I feel like Iâ€™m a couple weeks away from saying I am never gonna financially recover from this ðŸ˜…ðŸ˜…,9,fnf17w6
"retail sales numbers posted tomorrow morning are expected to be apocalyptic. In other words, get SPY calls....",9,fnf2pzj
"watch BBBY come out with record earnings powered exclusively by sales of Bidets, squatty potties, and luxury TP",8,fnf3mte
Trumps power move...make em wait. If he is ever on time hes gonna have some shit to say,8,fnf48mo
"Trump busy rewriting the Constitution or something? Damn bro. Show up, pump my DAL calls and fuck off",8,fnf4yt4
"Remember guys,

The President has ALL the powers of the President.",8,fnf52ge
Fuck presser is on the lawn my puts are fucked,9,fnf6dqn
"Trumps note card

1. Blame China + WHO    2. Steven Mnuchin deez nuts (big planes, the best planes)     3. Oil Pump      4. Reopen country by May 12th    5. Closing parade of CEOs wooo",7,fnf7w1c
This is like a second grade book report,8,fnf860x
"If your playing the ventilator drinking game, you are wasted now",6,fnf8djd
is this an infomercial on ventilators?,9,fnf8ktx
Anyone who wants a ventilator gets a ventilator. I just ordered mine via ventilators.gov,7,fnf8tdc
"This Trump conference has been brought to you by

#Philips healthcare, profiting off of saving your worthless life",7,fnf9a6p
HE'S TALKING ABOUT US,9,fnf9uas
One of you tards write this list down,8,fnfabm2
IS HE READING WHAT HE HAS OTM 4/17 CALLS ON??,8,fnfaddl
Omgggggg juat reading a list of company names holy shit! This is real!,8,fnfadf3
OIL NOW SERIOUSLY,8,fnfakso
Let me repeat that: R A Y T H E O N,8,fnfaluj
Is he just naming every company off his RH watchlist?,7,fnfaupa
Jesus christ hes just naming random shit,9,fnfazfm
"Someone make a $TPUMP etf on a spread sheet. 

Include every company trump pumps, with the ones mentioned the most having more weight on the index. 

Then we can see week to week if were dumber or smarter than a trump pump.",7,fnfb0aj
"Reporter: Mr president,  this is not a wendys",8,fnfb4qr
VINCE MCMAHON Rematch confirmed?,8,fnfbau8
Imagine if obama did this ðŸ˜‚ðŸ˜‚ðŸ˜‚,8,fnfbbag
"I missed the beginning part, so I have no idea what he's just listing off American businesses and CEOs. It's like he had to say a certain number of words so they gave him lists to read. The staffers had to have a great time figuring all this list out.",8,fnfbc4m
imagine being on a zoom meeting with those 500 CEOs,8,fnfbhfv
He's legit going to take advice on reopening the country from big tech owners. Wha the fuk,8,fnfbiky
"""I don't know what he said, nobody knows""

Talking about something that was on television.",9,fnfcqyh
I love this shit,8,fnfd3z5
These reporters are banding together in an attempt to give Trump a stroke,9,fnfdmxf
"**THE EVEMY WILL BE VANQUISHED.**

Bears? Itâ€™s not safe to come out of hibernation yet.",8,fnfejka
Birx had a nice scarf today and didn't have a chance to show it to everyone :(,9,fnfelml
Lol at Trump making the reporters sit outside for an hour to talk to them for 20mn and tell at them for 15 mn,8,fnfevrs
Here's to Tesla taking a massive shit tomorrow,8,fnfewlh
"I came in late, anyone catch what Birx was wearing today?",7,fnffjhv
I ain't sellin'!,7,fnfhaq4
Whats the RH setting I can turn on that will shut down my account everytime I try buying another tesla put?Â¿?,9,fnfi92i
"We are doing so fucking well with the economy closed, we are literally 2 weeks away from ATH at this rate


#KeepItClosedForever",8,fnfj1bl
I like how the fact that the U.S. and China relations are crumbling to their worst level in recent history has zero impact on stocks now. Like that whole trade war / trade war truce thing was just a fuckin joke.,7,fnfjnkd
My only calls from last week were USOs. You guys know the rest.......,8,fnfjpvr
"What would cause a limit down tonight, hypothetically?",9,fnflwnq
"My 4/17 228Ps still got a chance, just one triple-breaker awayðŸ»",8,fnfnjka
Please one -4 day and Im out of puts I learned my lesson,8,fnfnlvv
"It feels weird making money again. I can't believe it's this easy.

Buy call -> get tendies

SPY 295c 4/17",8,fnfns9j
What are the chances disney visits low 90s anytime soon. Sort of want to buy shares cause I saw the penis castle in little mermaid and thought that's kinda cool,8,fnfpjup
"At this point IMO the only catalysts for oil mooning are:

1) oil fields attacked 
2) real-time test kits for the invisible enemy suddenly developed
3)real-time test kits for the invisible enemy suddenly developed
4) Tariffs suddenly implemented 
5)invisible enemy disappears. 

I basically just wanted you guys to know that I went all-in on some oil equity options that expire 4/17 and that Im about to loss it all! Gooooo me!",8,fnfpl8i
"I daytrade stocks I get 5k within 2 hours and get to feel smart. I buy options, I blow up 5k overnight and feel like a retard. I guess daytrading is the way to go",7,fnfq0tr
"Yall want to know why futures are tanking, you're welcome: I closed my short position at 2840 after opening at 2540",7,fnfqsi2
Donald must be eager to open the country.  His businesses must be burning Cash through the ground.   Hotels in Florida are ghost towns,7,fnfr3hx
"There's going to be a profit taking day sooner than later , just who the fuck knows if it's tomorrow , next week, or next month",7,fnfrep1
Futures at -.69%,8,fnfru5s
So did anyone actually doubt airlines would take the deal? Shouldnâ€™t this be textbook sell the news on them?,8,fnfsi5x
"This is the final pump before new ATLs. This is when the recession starts to really hurt, retards.

Say hello to, The Great Depression - Zoomer Edition",8,fnft4uj
"Chile has cured COVID already. somebody let Trump know

https://www.newsweek.com/chile-counts-those-who-died-coronavirus-recovered-because-theyre-no-longer-contagious-health-1497775",8,fnft8aj
WSB overly confident on green open. Red it is.,8,fnfv28z
"Someone on CNBC said today â€œIâ€™ve never seen a market this irrational and Iâ€™ve been doing this for 25 years.

This is like sports gambling, when thereâ€™s a weird line you should lean in to it. Im gonna take some short term calls.",8,fnfvvcg
Let me tell you how retarded you guys are. Name the Space company who won a government contract and was announced today.,8,fnfw04h
TSLA 5/15 $950 calls! Do it!,8,fnfwb8b
TESLA 1000 5/1 BOOK IT ðŸ”‹ðŸšš,8,fnfwdbd
"Panic sold my TSLA calls that I bought at open, burning my last day trade, and bought TSLA puts thinking the plateau was the top. All this despite knowing earnings are next week and itâ€™ll probably keep going up.


Just checked AH and itâ€™s up 5%. Fuck me.",8,fnfwlxx
"I talked to a Grubhub driver while waiting for a carryout order for lunch today; I asked him about his gains and he told me between the 3 or 4 gig economy app things he is doing he made 1400 last week lol. His gigs are instacart, grubhub/doordash, and medicinal marijuana delivery - most money was from instacart which is just grocery store delivery. That shit is insane lol",8,fnfxyo7
"Okay, guys I think I finally figured it out. Y'all ready? Okay, so what *if* we bought calls when the market is going up and puts when the market is going down? Makes sense right?",8,fnfy7he
Buying all your 4/17 puts for pennies,8,fnfy8la
"Bears actually spend more time complaining about rally than buying calls, what a SAD and miserable life!",35,fnf1s9p
Lmfao he is *desperate* to blame someone other than himself for the slow test/supply scaling.,15,fnf7xci
Trump complaining about lack of accountability is the finest piece of projection Iâ€™ve seen to date.,16,fnf7xkd
"Red futures at night, trader's delight. 

Red SPY in morning, trader's warning.",15,fnfx633
Way too many bulls here. People who donâ€™t know how to wipe their ass are asking me how to buy stocks. This sounds like a giant rug pull. Iâ€™ve been bull gang until now,14,fnf2hjn
I kind of hate these red futures because itâ€™s going to hurt all the more when we go back up and rocket in the morning,15,fnfn58d
"I donâ€™t even own any puts, but Iâ€™m rooting for you guys. I hope the market plummets the rest of the week.",15,fnfq3fo
"AMD gonna hit ATH tomorrow, wtf",6,fnez1wj
"Tripled down on my Tesla calls during dip, please almighty Musk I believe in you",8,fnezdvh
Trump is going to screech at the press like a howler monkey today while green dildos line up waiting for me,6,fnf0ow2
"[https://www.cnbc.com/2020/04/14/virgin-galactic-stock-spce-jumping-but-some-might-be-trading-the-wrong-company.html](https://www.cnbc.com/2020/04/14/virgin-galactic-stock-spce-jumping-but-some-might-be-trading-the-wrong-company.html) 

Thoughts on how this might effect SPCE? I caved and sold my calls today, time to buy puts?",8,fnf0rjb
"FUCK SPY, im back on trading daily/weeklys on tech trains. choo choo bitches",7,fnf2chk
"Canâ€™t wait for this re-opening business council to debut their Walmart parking lot drive-thru tests, google testing website, and at-home test kits weâ€™ve all been waiting for! ðŸ˜„",7,fnf2ww6
"Rose Garden, big pump time",6,fnf3528
How is he gonna top yesterday?,6,fnf3z88
"Trump is currently on page 25 of Pornhub.

Hell be out by 6.",5,fnf4p0h
"One hour late, TOTAL AUTHORITY",6,fnf54n9
The people that trade futures at 6pm on the dot are always so *negative*,8,fnf5dc3
Anyone still getting take out?,6,fnf5jqj
Long spy puts/long oil. Youd think itd be a hedge but market actually doesnt care about oil. It may have said that on the way up but it was jus kidding. Look forward to losses on both when i couldve just bought calls on a flourishing company like gamestop who is thriving on buying copies of madden 14.,7,fnf5z6g
"They must be having issues editing todays montage of trump pumps. The sound board guy might have been late, perhaps it was the pyrotechnics, it definitely wasn't trump though",8,fnf66ga
Futures limit up today after Trump announces he will reopen the country this weekend and reaffirms his divine authority over the governors.,6,fnf6knn
Make America Wait Again,7,fnf6pvp
Trump pulls funding on who. GOOD FUCK THOSE CHYNA CUCKS,7,fnf77yv
Buy puts on WHO,7,fnf7qj6
WHO's fault.  Who's fault?  WHO'S FAULT!,7,fnf7tbu
"""It would've been so easy to be truthful""  

\-DJT, 2020",7,fnf80jh
POWERFUL LETTUCE,7,fnf81on
The addies going to start hittin soon,8,fnf84d6
If you playing ventilators drinking game your now dead,7,fnf8jmo
CDC budget is twice the WHO budget but we blaming WHO.,7,fnf8owh
Who the fuck was that guy and what was that,7,fnf8v6j
Is the My Pillow guy gonna come up next?,7,fnf93uh
Fauci benched?,7,fnf95t4
Trump sounds like a toddler making a speech compared to these normal adults.,8,fnf980t
This guy a ruskie?,7,fnf9ecq
Lmao Trump praising WSB right now,7,fnf9tup
HES TALKING ABOUT US WE ARE THE GREAT MINDS,8,fnf9vca
Fauci is 79. Seventy-fucking-nine. Doesn't look a day older than 65. Legend.,8,fnfa6yj
"But what about USO, Mr. Pumpident?",8,fnfabpi
More fucking pumping,8,fnfabx8
jesus this guy pumping,6,fnfac11
congrats to those who have bank calls,6,fnfac83
GUYS PLEASE WRITE DOWN NAMES OF ALL THE COMPANIES SO WE MAKE MORE TENDIES TOMORROW,6,fnfaelk
Thanks to my sponsors: every publicly traded company ever,7,fnfaesp
If he says GameStop Iâ€™ll die,8,fnfag0h
"#HE IS JUST RANDOMLY LISTING COMPANIES

#WHAT IS HAPPENING",6,fnfaq67
opec+ = opec+,8,fnfar9o
Its been like 5 minutes hes still going LMAO,8,fnfas29
"*lists every company in the world* 


â€œThanks for coming everybody it was a great conferenceâ€",6,fnfaw9h
Is trump just listing everything on the S&P 500,6,fnfb0k6
"Trumps just like fuck it, letâ€™s see what happens when i go up here and mention every publicly traded company i can think of",7,fnfb0t3
Heâ€™s not gonna say Amazon huh,8,fnfb2y2
did he just say Quailcom?,7,fnfb6qa
trump straight up just said fuck the bears,6,fnfb9tu
ROBINHOOD. WALL STREET BETS.,8,fnfbbtw
Heâ€™s on hardcore benzos today,7,fnfbc13
"O M G 

DONNIE MF PUMP",8,fnfbc83
"FUCK YOU TESLA, WHY ARE YOU THE WAY THAT YOU ARE",7,fnfbki1
The algos are like fucking dogs. Trump says Walmart once and that shit skyrockets. FUCKING APES.,7,fnfbl5x
I could hear the audible gasp from Jim acostas vagina when trump said before May 1st,7,fnfbnma
CONFUSE AND CONQUER,7,fnfbp2s
TSLA 3.69% AH,8,fnfbr0g
TSLA with the rare upgrade from GS after hours. Tmr itâ€™s gonna go 800 easy,7,fnfbycs
This fucking after hours bull shit. Pull this shit at noon!,8,fnfcbe6
"I know your question, YA READY?",7,fnfd2au
Lmfao treated that man like a dog. They even cut out his mic,7,fnfd2vb
"> Tesla initiated with a Buy at Goldman Sachs Goldman Sachs analyst Mark Delaney initiated coverage of Tesla with a Buy rating and $864 price target. The analyst is positive on the company's product lead position in electric vehicles - a market where he expects ""long-term secular growth"". Delaney further cites Tesla's early mover advantage, brand recognition, vertical integration, as well as traction from its Model Y launch in the important SUV and crossover market.

Someone owns calls.",8,fnfdo1d
"https://thefly.com/landingPageNews.php?id=3072175&headline=TSLA-Tesla-initiated-with-a-Buy-at-Goldman-Sachs

>Goldman Sachs analyst Mark Delaney initiated coverage of Tesla with a Buy rating and $864 price target.",7,fnfdwq2
I honestly think as soon as he announces the re-open dates we start tanking.,9,fnfe6h2
"Deep in his heart, I think Trump likes John's company",7,fnfe9yq
Letâ€™s get a thank President Xi goin in the chat: https://pbs.twimg.com/media/EVmazs7WAAQOMAr?format=jpg&name=medium,8,fnfemps
Good news guys. Recession cancelled.,7,fnfeu22
Itâ€™s so easy to make money selling SPY puts until it isnâ€™t. This shit is gonna crash and burn soon.,7,fnff0x3
my EOD TSLA puts are fuk. anyone else?,6,fnfgcs0
"Well Iâ€™m down to the last grand Iâ€™m going to gamble on this shit

Someone give me a play",6,fnfh3xz
"Fascinating to see how our bailouts compare. Norwegian Airlines went from $5 to $0.5. their government said pony up equity first and foremost or no money. USA said take all this free money, we just want a sliver of equity, but make sure we save the shareholders so they don't take too big of a cut.",6,fnfiwz6
Hope the unemployment numbers are a bloodbath on Thursday so I can load up on more calls,7,fnfjiab
Free my ninja $LK,8,fnfjnok
If TSLA goes back to 670 Iâ€™ll probably indulge an escort,7,fnfk17q
"â€œSTONK MARKET AT ~~ALL-TIME HIGH!~~ BIGLY UPPIE WUPPY HOW ARE YOUR WARHAMMER 409K PLAYSETS DOING 70%, 80%, 90% up? Only 50% up! What are you doing wrong?â€",6,fnfkmgb
"1000 IQ â€œThank you for not riding Uberâ€ commercial

Uber loses money for every ride. No rides = no more money losing!

https://m.youtube.com/watch?v=_e8XLnMiCOE",7,fnflc6a
"Iâ€™m so jaded from seeing the same shit with futures every night.

Night after night getting my hopes up, only to be gaped by JPOW at 9:30am.

I should just stop checking, but I canâ€™t.",7,fnfljct
Lol TSLA really setting up for that short convexity squeeze tomorrow again with that AH move...that's gonna really irritate all the people on r/stocks who already complain why the stock is randomly going up 10% on nothing.,8,fnfn082
"Tendies, dip, buy, repeat. Those who broke this by buying puts are being punished now for their herecy",7,fnfn5q6
"Locked in my gains from calls then went full retard and opened all kinds of credit spreads, bullish, bearish, you name it, I got it, because I'm gonna be at work for two days straight and missing all trading hours until Friday.

Let's see what happens.",7,fnfnk6w
I guess I yolo'd into calls way too late.,8,fnfo3qd
Yo can a TA expert tell me where the next support level between SPY 281 and 282 is? Thanks,7,fnfox9m
JPOW is tired give him a few hours,7,fnfpjwp
Did anyone else watch Trump read the White Pages of his phonebook today?,6,fnfplpm
futures should be illegal,8,fnfq2ay
Meant to sell my SPY puts end of day today and got distracted. I have successfully inversed myself.,7,fnfqc9b
If TSLA breaks $750 resistance it's off to Mars bois,7,fnfrn9d
"https://imgur.com/CQCBAJS

Here are earnings this week.  Tried to submit a thread but fuck automod",7,fnfs3lx
Wtf I still have a month for my SPY 240p to print? And they're like $1 now? Omgz ðŸ¤‘ðŸ¤‘ðŸ¤‘ðŸ¤‘ðŸ¤‘ðŸ¤‘ðŸŒˆðŸ»,6,fnfsdhh
so I'm down 85% all time but hopefully with a few swings here and there will easily make it back. No longer holding gay spy puts when I can day trade.,7,fnfsowb
Thinking about just day trading so I donâ€™t have to live through the anxiety of futures.,7,fnfsyh6
"Recession is over, economy back online, virus cured and yet I still havenâ€™t received my Trump bucks!",7,fnft0l3
"Suddenly now in SF you canâ€™t go into a store without a mask. 

We went from the Surgeon General angrily tweeting at everyone to stop wearing masks to turning people away for not wearing one in like a month.",7,fnft3s9
Gotta a feeling the rest of the week the stock market will go up or down.,6,fnft44q
JCPenneys the first one to fall,7,fnftuqg
Pajaja traders not even trying,7,fnfu8v7
"Why are so many people on LinkedIn saying â€œthings will never be the sameâ€ as if nobody will ever leave their house again lol.

Is this the sort of thing you say when you live in an echo chamber?

Worst case scenario 18 months from now we have a vaccine.

Every expert says we go back to normal once we do have it.",7,fnfuku7
Iâ€™m going to bed fully expecting futures to have flipped when I wake up,7,fnfv5im
"Is a wsj paper subscription worth it?

I used to get it but stopped

I do enjoy a physical paper",7,fnfwdey
Brrrrr.... 5/1 TSLA 800c,7,fnfxdlm
"https://finance.yahoo.com/news/kudlow-says-small-business-loan-160004964.html

So, if the small business loans run out of money this week, MM's wanna act like they didn't see it and keep pumping?",7,fnfykwt
"Member when trump said heres the ceo of cvs, we all know cvs. Then told us about how you could get tested at a drive through easily real soon? I member",7,fnfyo79
Alright bears what magical Fibonacci number is next causing the next leg down? Because weâ€™ve blown through the past 3(?).,7,fnfyvb4
"I remember the days when we went from spy 215 to 240 and I called that the market was rigged.

240 looks like a blessing right about now for my puts",7,fnfyvz9
"Fun fact FANG are up almost 10% since beginning of the year. What corona?

https://themarketear.com/images/158f9094491374e4c76e82cfcf9fd689",8,fnfz68w
I need one of those â€œoil equities up 10% but spy down 4%â€ kinda days real bad.,7,fnfzs7x
no point to watch futures when it will inevitably be like .01 pp only to moon into the morning lol.,7,fng0gyq
"Unfortunately, many bulls gonna lose their asset this week because I am seeing the same trend I saw back when Tesla mooned to $1000ish. More and more people getting greedy and stocks are moving exponentially, which does not make sense. I think there won't be any more short squeeze and there won't be such huge jump starting now. Only thang availble is QE from Mr Pow Jay. This QE injection is done in very linear fashion, just slowly increasing the uptrend support day by day. All these nonsense ups were from the short squeezes. We are almost the top and the second fall is imminent. Think about it. QE amount is decreasing everyday and there is no such thing called unlimited QE. 

 TL;DR  I bought SPY 270P and I am bleeding.",7,fng0t0u
If the market is red tomorrow Iâ€™m going to freak the fuck out and light my dick on fire,13,fnfg8i3
"\*holding back tears\* Diamond hands, baby. Diamond hands...",12,fnfjnv5
"ðŸ’ŽHands on spy puts have lost me almost 8k so far since I started with a few wins. It's very hard letting go with losses. I wish to recover but don't feel like risking anymore than $500 now. 

This made me realize how difficult it is to make money through hard work and how easy it is to lose within a few days.",12,fnfnt2f
My portfolio needs a v shaped recovery,13,fnfy2lr
You literally just read my mind. Tomorrow morning gonna make me want to punt an orphan into the sun,60,fnf2mfn
"I wonder if Mr. Big Short is gonna hold it, or do the ol pump and dump.",10,fnfb8r1
"You should be nominated for the player hater's ball. 

*Hate hate hate hate*",8,fnfbw59
"I thought about what's the stupidest call I can buy in this market, and I bought SPCE yesterday, July expiration for papa Bransons birthday, and already up 100%.

Just regretting sitting 50% cash, and 20% USO leaps instead of going full yolo on spy qqq and spce,",7,fnfev62
Blackberry? Are they still around?,51,fnezfzg
"Eat my dongus you fuckin nerd.

*I am a bot, and this action was performed automatically. Please [contact the moderators of this subreddit](/message/compose/?to=/r/wallstreetbets) if you have any questions or concerns.*",57,fnf1j8a
I would have done it by now. ðŸ¤·â€â™‚ï¸ðŸ™„,9,fnf1p4a
Bring it. Crash pussy.  I got moves up and I got moves down.  Fuck this stupid fucking market.,41,fnf3667
Drill Team 6 r fuk and JPOW just mooned over your wife's boyfriend. Brrrrrrr. Should about sum it up.,8,fnf93d1
Jfc,17,fnf127q
Recession cancelled,11,fnf4x3t
Green depression. It is a green new world. Buck up bucko,20,fnf5qw7
Hey! We have the same strategy!,8,fnf0f3s
"WeWork would have been the greatest pump n dump in the history of securities trading if the CEO had cashed out before losing -95% of his net worth

RIP",33,fnf268h
Their stock went up 10% today,15,fnf236z
"Option pricing prevents ""coin toss"" odds. Even if you're right, you can be wrong.",15,fnf4xbk
Taxed as income though which depending on situation may be pretty damn steep.,16,fnezuyz
lol will be rolling in corona infected bills if this happens,15,fnf049u
Perfect for a nice WLT sandwich.,26,fnf2gly
If my 20k of 300c 4/17 print Iâ€™m coming back here and blowing you,33,fnez42c
Well look what you did now retard,13,fnf1zpw
I'll grab some puts. Means your family will not only get better but also win the lottery,14,fnfhaqs
u/NSA_official_account,9,fnfxp7e
Shut up retard,9,fnflysv
Anus: Leaking,33,fnf1qgq
"yeah any slight perturbation is either ""Mooning"" or ""DrilL tEaM 6.""  It's annoying",15,fnf38be
Solid gameplan. Canâ€™t go wrong,9,fnezwio
"I agree, but my calls would like one more day of spike please",16,fnezszv
That's MMT for ya,14,fnf2l32
It was already priced in.,64,fneyycb
"I will straight up blow Elon.

Too bad itâ€™s going to $800 and my puts will be worth 0.01.

At least weâ€™re in this together brother.",7,fnfings
Won't they just print money to pay us and then collect all of it back in increased taxes and inflation?,7,fnfrgeb
*Covfefe,8,fnfze05
Iâ€™m with that. Grabbed 50 298c but they expire tomorrow.  Thought they were 4/17s.  Whoops,16,fnf11aj
Remember that day we had a limit down then woke up to a limit up. The ultimate troll,7,fnfrf45
There are numerous times in history where the stock market doesn't reflect the economy. This isn't a bug it's a feature.,7,fnfhhu1
I believe youâ€™re being wooshed,16,fnf497y
"HOLY FUCK, that's like this sub level retarded x 1000.",15,fnf4an3
holy shit that is actually hilarious as fuck. im dying rn hahahaha,15,fnf4bqz
"Inverse etf's, how do they even work???",12,fnf4bhf
Lol thatâ€™s fake,8,fnf48a9
Buying or selling a what now,13,fnfmng5
Marriage probably.,21,fnff5bc
His wife,17,fnff3gm
"No, earn it back through trading options like the rest of us. Dont be a coward.",8,fnfkfla
2012 Honda Civic,19,fnfubeu
"Nice work, wish I would've got on the call train sooner",8,fnfuc0c
"In my experience girls like this love to be fucked so rough.

Airheads pushed through college in STEM and handed a position in a great company as a diversity hire.  Surrounded by high powered cock all day.  They always down.

You should smash before her glow goes.",7,fnfyvay
nah it's a lifestyle,7,fnfzhnr
Too much work I rather just have 25k,9,fnfneo8
Not the last day by a long shot. >> https://www.newyorkfed.org/markets/domestic-market-operations/monetary-policy-implementation/repo-reverse-repo-agreements/repurchase-agreement-operational-details#monthly-summary,7,fnfsjv1
Signals the wiping of the middle class.,7,fnfqptn
"so, 6:15?",8,fnf1ptw
didn't watch the presser but almost guaranteed she wore a scarf,7,fnffluo
Apparently nothing has impact on stocks now,10,fnfjpi6
Being like 15% off of already inflated ATHs while the world is in lockdown,11,fnfm2u2
If futures dropped 5%,8,fnflxze
"Trump emergency declares the US adopt the metric system effective immediately. 

For the record - I would support this.",7,fnfmc94
"Virgin orbit, not SPCE/virgin galactic",7,fnfw7bg
SEC this guy right here,7,fnfyciv
"No one cares. Spce to space, hop on nerd",7,fnf0wkm
by strangling a reporter,10,fnf4153
why get takeout when you can drink tap water for dinner and buy more spyputs,7,fnf5qc7
Imagine thinking TSLA has resistance ðŸ¤£,13,fnfrq43
This headline brought to you by 1998 AOL.,8,fnfu9t8
I want some pajajas,9,fnfuamg
Who let the boomer in wtf,8,fnfwgej
The amount of shit I gave him for needing to use 20k to make $600 on the market is only exceeded by the amount of shit I've given him for still using a blackberry through 2019 (he only switched to iPhone this year bc none of the apps work),49,fnf004w
Trump tax rates are not likely to continue forever. Take the hit now.,10,fnf3oog
MODS,10,fnf0cz9
Holy LOL,7,fnf13xi
